{
  "carts": [
    {
      "items": [
        {
          "productId": "1",
          "quantity": 2
        },
        {
          "productId": "3",
          "quantity": 1
        }
      ]
    }
  ],
  "guest": [
    {
      "productId": "4",
      "quantity": 2
    },
    {
      "productId": "6",
      "quantity": 1
    }
  ],
  "temp_1749214169903": [
    {
      "productId": "4",
      "quantity": 1
    },
    {
      "productId": "6",
      "quantity": 1
    }
  ],
  "temp_1749214231888": [
    {
      "productId": "4",
      "quantity": 1
    }
  ],
  "user1": [
    {
      "productId": "4",
      "name": "Digital Camera",
      "price": 600,
      "image": "/images/NikonZF.jpg",
      "quantity": 1
    }
  ]
}