[
  {
    "orderId": "ORD-2001",
    "date": "2025-06-01T10:15:00.000Z",
    "status": "delivered",
    "user": {
      "email": "customer@example.com",
      "firstName": "John",
      "lastName": "Doe",
      "address": {
        "street": "456 Customer Ave",
        "city": "Customer City",
        "state": "CS",
        "zip": "54321"
      }
    },
    "items": [
      {
        "id": "1",
        "name": "Laptop Pro X1",
        "quantity": 1,
        "price": 1299.99
      },
      {
        "id": "3",
        "name": "Wireless Earbuds Pro",
        "quantity": 2,
        "price": 199.99
      }
    ],
    "total": 1699.97
  },
  {
    "orderId": "ORD-2002",
    "date": "2025-06-02T15:42:00.000Z",
    "status": "in progress",
    "user": {
      "email": "test@awe.com",
      "firstName": "Test",
      "lastName": "User",
      "address": {
        "street": "789 Test St",
        "city": "Test City",
        "state": "TS",
        "zip": "98765"
      }
    },
    "items": [
      {
        "id": "2",
        "name": "Smartphone Ultra",
        "quantity": 1,
        "price": 899.99
      },
      {
        "id": "5",
        "name": "Digital Camera Pro",
        "quantity": 1,
        "price": 699.99
      }
    ],
    "total": 1599.98
  }
]