[
    {
      "id": "1",
      "name": "Acer Aspire 5",
      "category": "laptops",
      "price": 999.99,
      "description": "High-performance laptop with the latest processor and graphics card.",
      "specifications": {
        "processor": "Intel Core i7",
        "ram": "16GB",
        "storage": "512GB SSD",
        "display": "15.6\" 4K"
      },
      "stock": 15,
      "image": "/images/AcerAspire5.jpg",
      "isNew": true
    },
    {
      "id": "2",
      "name": "iPhone 15",
      "category": "phones",
      "price": 899.99,
      "description": "Latest smartphone with advanced camera system and long battery life.",
      "specifications": {
        "processor": "A16 Bionic",
        "ram": "8GB",
        "storage": "256GB",
        "camera": "48MP"
      },
      "stock": 25,
      "image": "/images/iPhone15.jpg",
      "isNew": true
    },
    {
      "id": "3",
      "name": "Google Pixel 8",
      "category": "phones",
      "price": 199.99,
      "description": "Premium smartphone with advanced AI features.",
      "specifications": {
        "processor": "Tensor G3",
        "ram": "8GB",
        "storage": "128GB",
        "camera": "50MP"
      },
      "stock": 50,
      "image": "/images/GooglePixel8.jpg",
      "isNew": false
    },
    {
      "id": "4",
      "name": "LG Smart Fridge",
      "category": "appliances",
      "price": 799.99,
      "description": "Smart refrigerator with Wi-Fi connectivity and energy-efficient cooling.",
      "specifications": {
        "capacity": "700L",
        "features": "Wi-Fi, Smart Diagnosis"
      },
      "stock": 10,
      "image": "/images/LGSmartFridge.jpg",
      "isNew": false
    },
    {
      "id": "5",
      "name": "Nikon ZF",
      "category": "cameras",
      "price": 699.99,
      "description": "Professional digital camera with 4K video recording.",
      "specifications": {
        "resolution": "24.1MP",
        "video": "4K 30fps",
        "connectivity": "Wi-Fi, Bluetooth"
      },
      "stock": 8,
      "image": "/images/NikonZF.jpg",
      "isNew": true
    },
    {
      "id": "6",
      "name": "Dell XPS 13",
      "category": "laptops",
      "price": 1499,
      "description": "Compact and powerful ultrabook with a stunning InfinityEdge display and long battery life.",
      "specifications": {
        "display": "13.3\" FHD",
        "processor": "Intel Core i7",
        "ram": "16GB",
        "storage": "512GB SSD"
      },
      "stock": 12,
      "image": "/images/DellXPS13.jpg",
      "isNew": false
    },
    {
      "id": "7",
      "name": "MacBook Pro",
      "category": "laptops",
      "price": 2399,
      "description": "High-performance laptop with Apple Silicon chip, ideal for creative professionals and developers.",
      "specifications": {
        "processor": "Apple M2",
        "ram": "16GB",
        "storage": "1TB SSD",
        "display": "16\" Retina"
      },
      "stock": 7,
      "image": "/images/MacBookPro.jpg",
      "isNew": false
    },
    {
      "id": "8",
      "name": "iPhone 15",
      "category": "phones",
      "price": 1399,
      "description": "Powerful smartphone with advanced camera features and sleek iOS integration.",
      "specifications": {
        "camera": "48MP Dual",
        "storage": "128GB",
        "display": "6.1\" OLED"
      },
      "stock": 15,
      "image": "/images/iPhone15.jpg",
      "isNew": false
    },
    {
      "id": "9",
      "name": "Samsung Flip 6",
      "category": "phones",
      "price": 1799,
      "description": "Foldable smartphone with dynamic AMOLED display and multitasking capabilities.",
      "specifications": {
        "display": "6.7\" Foldable AMOLED",
        "storage": "256GB",
        "ram": "8GB"
      },
      "stock": 8,
      "image": "/images/SamsungFlip6.jpg",
      "isNew": false
    },
    {
      "id": "10",
      "name": "Dyson V8 Vacuum",
      "category": "appliances",
      "price": 799,
      "description": "Cordless vacuum cleaner with powerful suction and lightweight design for everyday cleaning.",
      "specifications": {
        "type": "Cordless",
        "battery": "40 mins",
        "features": "HEPA filtration"
      },
      "stock": 10,
      "image": "/images/DysonV8Vacuum.jpg",
      "isNew": false
    },
    {
      "id": "11",
      "name": "Dyson Air Purifier",
      "category": "appliances",
      "price": 249,
      "description": "Advanced HEPA air purifier that removes allergens, pollutants, and odors efficiently.",
      "specifications": {
        "filter": "HEPA + Carbon",
        "features": "Auto mode, Timer"
      },
      "stock": 20,
      "image": "/images/DysonAirPurifier.jpg",
      "isNew": false
    },
    {
      "id": "12",
      "name": "Asus Zenbook 14",
      "category": "laptops",
      "price": 1599,
      "description": "Elegant and thin laptop with fast performance and vivid OLED display.",
      "specifications": {
        "processor": "Intel Core i7",
        "ram": "16GB",
        "storage": "512GB SSD",
        "display": "14\" OLED"
      },
      "stock": 6,
      "image": "/images/AsusZenbook14.jpg",
      "isNew": false
    },
    {
      "id": "13",
      "name": "Google Pixel 8",
      "category": "phones",
      "price": 1099,
      "description": "Android smartphone with AI-powered photography and smooth stock Android experience.",
      "specifications": {
        "camera": "50MP + 12MP",
        "display": "6.2\" OLED",
        "storage": "128GB"
      },
      "stock": 11,
      "image": "/images/GooglePixel8.jpg",
      "isNew": false
    },
    {
      "id": "14",
      "name": "LG Smart Fridge",
      "category": "appliances",
      "price": 2199,
      "description": "Smart refrigerator with Wi-Fi connectivity, temperature control, and energy-efficient cooling.",
      "specifications": {
        "capacity": "700L",
        "features": "Wi-Fi, Smart Diagnosis"
      },
      "stock": 4,
      "image": "/images/LGSmartFridge.jpg",
      "isNew": false
    },
    {
      "id": "15",
      "name": "Lenovo ThinkPad",
      "category": "laptops",
      "price": 1499,
      "description": "Business-class laptop known for reliability, performance, and iconic keyboard design.",
      "specifications": {
        "processor": "Intel Core i7",
        "ram": "16GB",
        "storage": "512GB SSD",
        "display": "14\" FHD"
      },
      "stock": 9,
      "image": "/images/LenovoThinkPad.jpg",
      "isNew": false
    },
    {
      "id": "16",
      "name": "iPhone 16",
      "category": "phones",
      "price": 1899,
      "description": "Latest iPhone model with next-gen A-series chip and advanced camera capabilities.",
      "specifications": {
        "chip": "A18 Bionic",
        "camera": "48MP Pro",
        "storage": "256GB"
      },
      "stock": 13,
      "image": "/images/iPhone16.jpg",
      "isNew": true
    },
    {
      "id": "17",
      "name": "Wireless Earbuds Pro",
      "category": "accessories",
      "price": 199.99,
      "description": "Premium wireless earbuds with noise cancellation.",
      "specifications": {
        "battery": "8 hours",
        "connectivity": "Bluetooth 5.0",
        "features": "Active Noise Cancellation"
      },
      "stock": 50,
      "image": "/images/earbuds1.jpg",
      "isNew": false
    },
    {
      "id": "18",
      "name": "4K Smart TV",
      "category": "appliances",
      "price": 799.99,
      "description": "55-inch 4K Smart TV with HDR support.",
      "specifications": {
        "resolution": "4K UHD",
        "size": "55\"",
        "features": "HDR, Smart TV"
      },
      "stock": 10,
      "image": "/images/tv1.jpg",
      "isNew": false
    },
    {
      "id": "19",
      "name": "Digital Camera Pro",
      "category": "cameras",
      "price": 699.99,
      "description": "Professional digital camera with 4K video recording.",
      "specifications": {
        "resolution": "24.1MP",
        "video": "4K 30fps",
        "connectivity": "Wi-Fi, Bluetooth"
      },
      "stock": 8,
      "image": "/images/camera1.jpg",
      "isNew": true
    }
]