{
  "dailyStats": {
    "totalSales": 320.5,
    "categorySales": {
      "laptops": 149.99,
      "phones": 100.51,
      "appliances": 70.00
    }
  },
  "weeklyStats": {
    "totalSales": 2331.54,
    "categorySales": {
      "laptops": 210.00,
      "appliances": 100.20,
      "accessories": 100.00
    }
  },
  "monthlyStats": {
    "totalSales": 34500.50,
    "categorySales": {
      "laptops": 210.00,
      "appliances": 100.20,
      "accessories": 100.00
    }
  },
  "yearlyStats": {
    "totalSales": 150000.00,
    "categorySales": {
      "accessories": 90200.00,
      "cameras": 3480.10,
      "laptops": 2220.00,
      "appliances": 1930.20
    }
  }
}
